<?xml version="1.0" encoding="UTF-8"?>
<gmd:MD_Metadata xmlns:gmd="http://www.isotc211.org/2005/gmd"
                 xmlns:xsi="http://www.w3.org/2001/XMLSchema-instance"
                 xsi:schemaLocation="http://www.isotc211.org/2005/gmd http://www.isotc211.org/2005/gmd/gmd.xsd&#xA;        http://www.isotc211.org/2005/gmx http://www.isotc211.org/2005/gmx/gmx.xsd http://www.isotc211.org/2005/srv&#xA;        http://schemas.opengis.net/iso/19139/20060504/srv/srv.xsd&#xA;      ">
   <gmd:fileIdentifier xmlns:che="http://www.geocat.ch/2008/che"
                       xmlns:gco="http://www.isotc211.org/2005/gco"
                       xmlns:srv="http://www.isotc211.org/2005/srv"
                       xmlns:gmx="http://www.isotc211.org/2005/gmx"
                       xmlns:gts="http://www.isotc211.org/2005/gts"
                       xmlns:gsr="http://www.isotc211.org/2005/gsr"
                       xmlns:gmi="http://www.isotc211.org/2005/gmi"
                       xmlns:gml="http://www.opengis.net/gml/3.2"
                       xmlns:xlink="http://www.w3.org/1999/xlink"
                       xmlns:geonet="http://www.fao.org/geonetwork">
      <gco:CharacterString>56553efe-4a2c-449d-93ba-cf7edd518d56</gco:CharacterString>
  </gmd:fileIdentifier>
   <gmd:language xmlns:che="http://www.geocat.ch/2008/che"
                 xmlns:gco="http://www.isotc211.org/2005/gco"
                 xmlns:srv="http://www.isotc211.org/2005/srv"
                 xmlns:gmx="http://www.isotc211.org/2005/gmx"
                 xmlns:gts="http://www.isotc211.org/2005/gts"
                 xmlns:gsr="http://www.isotc211.org/2005/gsr"
                 xmlns:gmi="http://www.isotc211.org/2005/gmi"
                 xmlns:gml="http://www.opengis.net/gml/3.2"
                 xmlns:xlink="http://www.w3.org/1999/xlink"
                 xmlns:geonet="http://www.fao.org/geonetwork">
      <gmd:LanguageCode codeList="http://www.loc.gov/standards/iso639-2/" codeListValue="ger"/>
  </gmd:language>
   <gmd:characterSet xmlns:che="http://www.geocat.ch/2008/che"
                     xmlns:gco="http://www.isotc211.org/2005/gco"
                     xmlns:srv="http://www.isotc211.org/2005/srv"
                     xmlns:gmx="http://www.isotc211.org/2005/gmx"
                     xmlns:gts="http://www.isotc211.org/2005/gts"
                     xmlns:gsr="http://www.isotc211.org/2005/gsr"
                     xmlns:gmi="http://www.isotc211.org/2005/gmi"
                     xmlns:gml="http://www.opengis.net/gml/3.2"
                     xmlns:xlink="http://www.w3.org/1999/xlink"
                     xmlns:geonet="http://www.fao.org/geonetwork">
      <gmd:MD_CharacterSetCode codeList="http://standards.iso.org/ittf/PubliclyAvailableStandards/ISO_19139_Schemas/resources/codelist/ML_gmxCodelists.xml#MD_CharacterSetCode"
                               codeListValue="utf8"/>
  </gmd:characterSet>
   <gmd:hierarchyLevel xmlns:che="http://www.geocat.ch/2008/che"
                       xmlns:gco="http://www.isotc211.org/2005/gco"
                       xmlns:srv="http://www.isotc211.org/2005/srv"
                       xmlns:gmx="http://www.isotc211.org/2005/gmx"
                       xmlns:gts="http://www.isotc211.org/2005/gts"
                       xmlns:gsr="http://www.isotc211.org/2005/gsr"
                       xmlns:gmi="http://www.isotc211.org/2005/gmi"
                       xmlns:gml="http://www.opengis.net/gml/3.2"
                       xmlns:xlink="http://www.w3.org/1999/xlink"
                       xmlns:geonet="http://www.fao.org/geonetwork">
      <gmd:MD_ScopeCode codeList="http://standards.iso.org/ittf/PubliclyAvailableStandards/ISO_19139_Schemas/resources/codelist/ML_gmxCodelists.xml#MD_ScopeCode"
                        codeListValue="dataset"/>
  </gmd:hierarchyLevel>
   <gmd:contact xmlns:che="http://www.geocat.ch/2008/che"
                xmlns:gco="http://www.isotc211.org/2005/gco"
                xmlns:srv="http://www.isotc211.org/2005/srv"
                xmlns:gmx="http://www.isotc211.org/2005/gmx"
                xmlns:gts="http://www.isotc211.org/2005/gts"
                xmlns:gsr="http://www.isotc211.org/2005/gsr"
                xmlns:gmi="http://www.isotc211.org/2005/gmi"
                xmlns:gml="http://www.opengis.net/gml/3.2"
                xmlns:xlink="http://www.w3.org/1999/xlink"
                xmlns:geonet="http://www.fao.org/geonetwork">
      <gmd:CI_ResponsibleParty>
         <gmd:organisationName xsi:type="gmd:PT_FreeText_PropertyType">
            <gco:CharacterString>Bundesamt für Statistik</gco:CharacterString>
            <gmd:PT_FreeText>
               <gmd:textGroup>
                  <gmd:LocalisedCharacterString locale="#DE">Bundesamt für Statistik</gmd:LocalisedCharacterString>
               </gmd:textGroup>
               <gmd:textGroup>
                  <gmd:LocalisedCharacterString locale="#FR">Office fédéral de la statistique</gmd:LocalisedCharacterString>
               </gmd:textGroup>
               <gmd:textGroup>
                  <gmd:LocalisedCharacterString locale="#IT">Ufficio federale di statistica</gmd:LocalisedCharacterString>
               </gmd:textGroup>
               <gmd:textGroup>
                  <gmd:LocalisedCharacterString locale="#EN">Swiss Federal Statistical Office</gmd:LocalisedCharacterString>
               </gmd:textGroup>
            </gmd:PT_FreeText>
         </gmd:organisationName>
         <gmd:positionName xsi:type="gmd:PT_FreeText_PropertyType">
            <gco:CharacterString>Sektionschef GEWO</gco:CharacterString>
            <gmd:PT_FreeText>
               <gmd:textGroup>
                  <gmd:LocalisedCharacterString locale="#DE">Sektionschef GEWO</gmd:LocalisedCharacterString>
               </gmd:textGroup>
               <gmd:textGroup>
                  <gmd:LocalisedCharacterString locale="#FR">Chef de section GEWO</gmd:LocalisedCharacterString>
               </gmd:textGroup>
               <gmd:textGroup>
                  <gmd:LocalisedCharacterString locale="#IT">Capo sezione GEWO</gmd:LocalisedCharacterString>
               </gmd:textGroup>
               <gmd:textGroup>
                  <gmd:LocalisedCharacterString locale="#EN">Section Head GEWO</gmd:LocalisedCharacterString>
               </gmd:textGroup>
            </gmd:PT_FreeText>
         </gmd:positionName>
         <gmd:contactInfo>
            <gmd:CI_Contact>
               <gmd:phone>
                  <gmd:CI_Telephone/>
               </gmd:phone>
               <gmd:address>
                  <gmd:CI_Address>
                     <gmd:city>
                        <gco:CharacterString>Neuchâtel</gco:CharacterString>
                     </gmd:city>
                     <gmd:postalCode>
                        <gco:CharacterString>2010</gco:CharacterString>
                     </gmd:postalCode>
                     <gmd:country>
                        <gco:CharacterString>CH</gco:CharacterString>
                     </gmd:country>
                     <gmd:electronicMailAddress>
                        <gco:CharacterString>patrick.kummer@bfs.admin.ch</gco:CharacterString>
                     </gmd:electronicMailAddress>
                  </gmd:CI_Address>
               </gmd:address>
               <gmd:onlineResource>
                  <gmd:CI_OnlineResource>
                     <gmd:linkage>
                        <gmd:URL>http://www.statistik.admin.ch</gmd:URL>
                     </gmd:linkage>
                     <gmd:protocol>
                        <gco:CharacterString>text/html</gco:CharacterString>
                     </gmd:protocol>
                  </gmd:CI_OnlineResource>
               </gmd:onlineResource>
            </gmd:CI_Contact>
         </gmd:contactInfo>
         <gmd:role>
            <gmd:CI_RoleCode codeList="http://www.isotc211.org/2005/resources/codeList.xml#CI_RoleCode"
                             codeListValue="owner"/>
         </gmd:role>
      </gmd:CI_ResponsibleParty>
   </gmd:contact>
   <gmd:dateStamp xmlns:che="http://www.geocat.ch/2008/che"
                  xmlns:gco="http://www.isotc211.org/2005/gco"
                  xmlns:srv="http://www.isotc211.org/2005/srv"
                  xmlns:gmx="http://www.isotc211.org/2005/gmx"
                  xmlns:gts="http://www.isotc211.org/2005/gts"
                  xmlns:gsr="http://www.isotc211.org/2005/gsr"
                  xmlns:gmi="http://www.isotc211.org/2005/gmi"
                  xmlns:gml="http://www.opengis.net/gml/3.2"
                  xmlns:xlink="http://www.w3.org/1999/xlink"
                  xmlns:geonet="http://www.fao.org/geonetwork">
      <gco:DateTime>2020-10-19T19:25:40</gco:DateTime>
  </gmd:dateStamp>
   <gmd:metadataStandardName xmlns:che="http://www.geocat.ch/2008/che"
                             xmlns:gco="http://www.isotc211.org/2005/gco"
                             xmlns:srv="http://www.isotc211.org/2005/srv"
                             xmlns:gmx="http://www.isotc211.org/2005/gmx"
                             xmlns:gts="http://www.isotc211.org/2005/gts"
                             xmlns:gsr="http://www.isotc211.org/2005/gsr"
                             xmlns:gmi="http://www.isotc211.org/2005/gmi"
                             xmlns:gml="http://www.opengis.net/gml/3.2"
                             xmlns:xlink="http://www.w3.org/1999/xlink"
                             xmlns:geonet="http://www.fao.org/geonetwork">
      <gco:CharacterString>GM03 2+</gco:CharacterString>
  </gmd:metadataStandardName>
   <gmd:locale xmlns:che="http://www.geocat.ch/2008/che"
               xmlns:gco="http://www.isotc211.org/2005/gco"
               xmlns:srv="http://www.isotc211.org/2005/srv"
               xmlns:gmx="http://www.isotc211.org/2005/gmx"
               xmlns:gts="http://www.isotc211.org/2005/gts"
               xmlns:gsr="http://www.isotc211.org/2005/gsr"
               xmlns:gmi="http://www.isotc211.org/2005/gmi"
               xmlns:gml="http://www.opengis.net/gml/3.2"
               xmlns:xlink="http://www.w3.org/1999/xlink"
               xmlns:geonet="http://www.fao.org/geonetwork">
      <gmd:PT_Locale id="FR">
         <gmd:languageCode>
            <gmd:LanguageCode codeList="http://www.loc.gov/standards/iso639-2/" codeListValue="fre"/>
         </gmd:languageCode>
         <gmd:characterEncoding>
            <gmd:MD_CharacterSetCode codeList="http://standards.iso.org/ittf/PubliclyAvailableStandards/ISO_19139_Schemas/resources/codelist/ML_gmxCodelists.xml#MD_CharacterSetCode"
                                     codeListValue="utf8"/>
         </gmd:characterEncoding>
      </gmd:PT_Locale>
  </gmd:locale>
   <gmd:locale xmlns:che="http://www.geocat.ch/2008/che"
               xmlns:gco="http://www.isotc211.org/2005/gco"
               xmlns:srv="http://www.isotc211.org/2005/srv"
               xmlns:gmx="http://www.isotc211.org/2005/gmx"
               xmlns:gts="http://www.isotc211.org/2005/gts"
               xmlns:gsr="http://www.isotc211.org/2005/gsr"
               xmlns:gmi="http://www.isotc211.org/2005/gmi"
               xmlns:gml="http://www.opengis.net/gml/3.2"
               xmlns:xlink="http://www.w3.org/1999/xlink"
               xmlns:geonet="http://www.fao.org/geonetwork">
      <gmd:PT_Locale id="IT">
         <gmd:languageCode>
            <gmd:LanguageCode codeList="http://www.loc.gov/standards/iso639-2/" codeListValue="ita"/>
         </gmd:languageCode>
         <gmd:characterEncoding>
            <gmd:MD_CharacterSetCode codeList="http://standards.iso.org/ittf/PubliclyAvailableStandards/ISO_19139_Schemas/resources/codelist/ML_gmxCodelists.xml#MD_CharacterSetCode"
                                     codeListValue="utf8"/>
         </gmd:characterEncoding>
      </gmd:PT_Locale>
  </gmd:locale>
   <gmd:locale xmlns:che="http://www.geocat.ch/2008/che"
               xmlns:gco="http://www.isotc211.org/2005/gco"
               xmlns:srv="http://www.isotc211.org/2005/srv"
               xmlns:gmx="http://www.isotc211.org/2005/gmx"
               xmlns:gts="http://www.isotc211.org/2005/gts"
               xmlns:gsr="http://www.isotc211.org/2005/gsr"
               xmlns:gmi="http://www.isotc211.org/2005/gmi"
               xmlns:gml="http://www.opengis.net/gml/3.2"
               xmlns:xlink="http://www.w3.org/1999/xlink"
               xmlns:geonet="http://www.fao.org/geonetwork">
      <gmd:PT_Locale id="EN">
         <gmd:languageCode>
            <gmd:LanguageCode codeList="http://www.loc.gov/standards/iso639-2/" codeListValue="eng"/>
         </gmd:languageCode>
         <gmd:characterEncoding>
            <gmd:MD_CharacterSetCode codeList="http://standards.iso.org/ittf/PubliclyAvailableStandards/ISO_19139_Schemas/resources/codelist/ML_gmxCodelists.xml#MD_CharacterSetCode"
                                     codeListValue="utf8"/>
         </gmd:characterEncoding>
      </gmd:PT_Locale>
  </gmd:locale>
   <gmd:locale xmlns:che="http://www.geocat.ch/2008/che"
               xmlns:gco="http://www.isotc211.org/2005/gco"
               xmlns:srv="http://www.isotc211.org/2005/srv"
               xmlns:gmx="http://www.isotc211.org/2005/gmx"
               xmlns:gts="http://www.isotc211.org/2005/gts"
               xmlns:gsr="http://www.isotc211.org/2005/gsr"
               xmlns:gmi="http://www.isotc211.org/2005/gmi"
               xmlns:gml="http://www.opengis.net/gml/3.2"
               xmlns:xlink="http://www.w3.org/1999/xlink"
               xmlns:geonet="http://www.fao.org/geonetwork">
      <gmd:PT_Locale id="RM">
         <gmd:languageCode>
            <gmd:LanguageCode codeList="http://www.loc.gov/standards/iso639-2/" codeListValue="roh"/>
         </gmd:languageCode>
         <gmd:characterEncoding>
            <gmd:MD_CharacterSetCode codeList="http://standards.iso.org/ittf/PubliclyAvailableStandards/ISO_19139_Schemas/resources/codelist/ML_gmxCodelists.xml#MD_CharacterSetCode"
                                     codeListValue="utf8"/>
         </gmd:characterEncoding>
      </gmd:PT_Locale>
  </gmd:locale>
   <gmd:locale xmlns:che="http://www.geocat.ch/2008/che"
               xmlns:gco="http://www.isotc211.org/2005/gco"
               xmlns:srv="http://www.isotc211.org/2005/srv"
               xmlns:gmx="http://www.isotc211.org/2005/gmx"
               xmlns:gts="http://www.isotc211.org/2005/gts"
               xmlns:gsr="http://www.isotc211.org/2005/gsr"
               xmlns:gmi="http://www.isotc211.org/2005/gmi"
               xmlns:gml="http://www.opengis.net/gml/3.2"
               xmlns:xlink="http://www.w3.org/1999/xlink"
               xmlns:geonet="http://www.fao.org/geonetwork">
      <gmd:PT_Locale id="DE">
         <gmd:languageCode>
            <gmd:LanguageCode codeList="http://www.loc.gov/standards/iso639-2/" codeListValue="ger"/>
         </gmd:languageCode>
         <gmd:characterEncoding>
            <gmd:MD_CharacterSetCode codeList="http://standards.iso.org/ittf/PubliclyAvailableStandards/ISO_19139_Schemas/resources/codelist/ML_gmxCodelists.xml#MD_CharacterSetCode"
                                     codeListValue="utf8"/>
         </gmd:characterEncoding>
      </gmd:PT_Locale>
  </gmd:locale>
   <gmd:referenceSystemInfo xmlns:che="http://www.geocat.ch/2008/che"
                            xmlns:gco="http://www.isotc211.org/2005/gco"
                            xmlns:srv="http://www.isotc211.org/2005/srv"
                            xmlns:gmx="http://www.isotc211.org/2005/gmx"
                            xmlns:gts="http://www.isotc211.org/2005/gts"
                            xmlns:gsr="http://www.isotc211.org/2005/gsr"
                            xmlns:gmi="http://www.isotc211.org/2005/gmi"
                            xmlns:gml="http://www.opengis.net/gml/3.2"
                            xmlns:xlink="http://www.w3.org/1999/xlink"
                            xmlns:geonet="http://www.fao.org/geonetwork">
      <gmd:MD_ReferenceSystem>
         <gmd:referenceSystemIdentifier>
            <gmd:RS_Identifier>
               <gmd:code xsi:type="gmd:PT_FreeText_PropertyType">
                  <gco:CharacterString>CH1903</gco:CharacterString>
                  <gmd:PT_FreeText>
                     <gmd:textGroup>
                        <gmd:LocalisedCharacterString locale="#DE">CH1903</gmd:LocalisedCharacterString>
                     </gmd:textGroup>
                     <gmd:textGroup>
                        <gmd:LocalisedCharacterString locale="#FR">CH1903</gmd:LocalisedCharacterString>
                     </gmd:textGroup>
                     <gmd:textGroup>
                        <gmd:LocalisedCharacterString locale="#IT">CH1903</gmd:LocalisedCharacterString>
                     </gmd:textGroup>
                     <gmd:textGroup>
                        <gmd:LocalisedCharacterString locale="#EN">CH1903</gmd:LocalisedCharacterString>
                     </gmd:textGroup>
                  </gmd:PT_FreeText>
               </gmd:code>
            </gmd:RS_Identifier>
         </gmd:referenceSystemIdentifier>
      </gmd:MD_ReferenceSystem>
  </gmd:referenceSystemInfo>
   <gmd:identificationInfo xmlns:che="http://www.geocat.ch/2008/che"
                           xmlns:gco="http://www.isotc211.org/2005/gco"
                           xmlns:srv="http://www.isotc211.org/2005/srv"
                           xmlns:gmx="http://www.isotc211.org/2005/gmx"
                           xmlns:gts="http://www.isotc211.org/2005/gts"
                           xmlns:gsr="http://www.isotc211.org/2005/gsr"
                           xmlns:gmi="http://www.isotc211.org/2005/gmi"
                           xmlns:gml="http://www.opengis.net/gml/3.2"
                           xmlns:xlink="http://www.w3.org/1999/xlink"
                           xmlns:geonet="http://www.fao.org/geonetwork">
      <gmd:MD_DataIdentification>
         <gmd:citation>
            <gmd:CI_Citation>
               <gmd:title xsi:type="gmd:PT_FreeText_PropertyType">
                  <gco:CharacterString>Eidg. Gebäude- und Wohnungsregister GWR</gco:CharacterString>
                  <gmd:PT_FreeText>
                     <gmd:textGroup>
                        <gmd:LocalisedCharacterString locale="#DE">Eidg. Gebäude- und Wohnungsregister GWR</gmd:LocalisedCharacterString>
                     </gmd:textGroup>
                     <gmd:textGroup>
                        <gmd:LocalisedCharacterString locale="#FR">Registre fédéral des bâtiments et des logements RegBL</gmd:LocalisedCharacterString>
                     </gmd:textGroup>
                     <gmd:textGroup>
                        <gmd:LocalisedCharacterString locale="#IT">Registro federale degli edifici e delle abitazioni REA</gmd:LocalisedCharacterString>
                     </gmd:textGroup>
                     <gmd:textGroup>
                        <gmd:LocalisedCharacterString locale="#EN">Federal register of buildings and housing</gmd:LocalisedCharacterString>
                     </gmd:textGroup>
                     <gmd:textGroup>
                        <gmd:LocalisedCharacterString locale="#RM">Register federal dals edifizis e da las abitaziuns REA</gmd:LocalisedCharacterString>
                     </gmd:textGroup>
                  </gmd:PT_FreeText>
               </gmd:title>
               <gmd:alternateTitle xsi:type="gmd:PT_FreeText_PropertyType">
                  <gco:CharacterString>Gebäude- und Wohnungsregister</gco:CharacterString>
                  <gmd:PT_FreeText>
                     <gmd:textGroup>
                        <gmd:LocalisedCharacterString locale="#DE">Gebäude- und Wohnungsregister</gmd:LocalisedCharacterString>
                     </gmd:textGroup>
                     <gmd:textGroup>
                        <gmd:LocalisedCharacterString locale="#FR">Registre des bâtiments et des logements</gmd:LocalisedCharacterString>
                     </gmd:textGroup>
                     <gmd:textGroup>
                        <gmd:LocalisedCharacterString locale="#IT">Registro degli edifici e delle abitazioni</gmd:LocalisedCharacterString>
                     </gmd:textGroup>
                     <gmd:textGroup>
                        <gmd:LocalisedCharacterString locale="#EN">Register of Buildings and Dwellings</gmd:LocalisedCharacterString>
                     </gmd:textGroup>
                     <gmd:textGroup>
                        <gmd:LocalisedCharacterString locale="#RM">Register edifizis &amp; abitaziuns</gmd:LocalisedCharacterString>
                     </gmd:textGroup>
                  </gmd:PT_FreeText>
               </gmd:alternateTitle>
               <gmd:date>
                  <gmd:CI_Date>
                     <gmd:date>
                        <gco:Date>2014-10-17</gco:Date>
                     </gmd:date>
                     <gmd:dateType>
                        <gmd:CI_DateTypeCode codeList="http://standards.iso.org/ittf/PubliclyAvailableStandards/ISO_19139_Schemas/resources/codelist/ML_gmxCodelists.xml#CI_DateTypeCode"
                                             codeListValue="revision"/>
                     </gmd:dateType>
                  </gmd:CI_Date>
               </gmd:date>
               <gmd:date>
                  <gmd:CI_Date>
                     <gmd:date>
                        <gco:DateTime>2005-01-01T00:00:00</gco:DateTime>
                     </gmd:date>
                     <gmd:dateType>
                        <gmd:CI_DateTypeCode codeList="http://standards.iso.org/ittf/PubliclyAvailableStandards/ISO_19139_Schemas/resources/codelist/ML_gmxCodelists.xml#CI_DateTypeCode"
                                             codeListValue="creation"/>
                     </gmd:dateType>
                  </gmd:CI_Date>
               </gmd:date>
               <gmd:collectiveTitle xsi:type="gmd:PT_FreeText_PropertyType">
                  <gco:CharacterString>Eidg. Gebäude- und Wohnungsregister: Daten der Berechtigungsstufe A nach dem Anhang 1 der Verordnung vom 9. Juni 2017 über das eidgenössische Gebäude- und Wohnungsregister</gco:CharacterString>
                  <gmd:PT_FreeText>
                     <gmd:textGroup>
                        <gmd:LocalisedCharacterString locale="#DE">Eidg. Gebäude- und Wohnungsregister: Daten der Berechtigungsstufe A nach dem Anhang 1 der Verordnung vom 9. Juni 2017 über das eidgenössische Gebäude- und Wohnungsregister</gmd:LocalisedCharacterString>
                     </gmd:textGroup>
                     <gmd:textGroup>
                        <gmd:LocalisedCharacterString locale="#FR">Registre fédéral des bâtiments et des logements: données avec niveau d'accès A selon l'annexe 1 de l'ordonnance du 9 juin 2017 sur le registre fédéral des bâtiments et des logements</gmd:LocalisedCharacterString>
                     </gmd:textGroup>
                     <gmd:textGroup>
                        <gmd:LocalisedCharacterString locale="#IT">Registro federale degli edifici e delle abitazioni: dati con livello di autorizzazione all'accesso A secondo l'allegato 1 dell'ordinanza del 9 giugno 2017 sul Registro federale degli edifici e delle abitazioni</gmd:LocalisedCharacterString>
                     </gmd:textGroup>
                  </gmd:PT_FreeText>
               </gmd:collectiveTitle>
            </gmd:CI_Citation>
         </gmd:citation>
         <gmd:abstract xsi:type="gmd:PT_FreeText_PropertyType">
            <gco:CharacterString>Das eidgenössische Gebäude- und Wohnungsregister (GWR) enthält die wichtigsten Grunddaten zu Gebäude und Wohnungen. Es wird für Statistik-, Forschungs- und Planungszwecke genutzt und dient den Kantonen und Gemeinden für den Vollzug von gesetzlichen Aufgaben. Die Nachführung erfolgt in Koordination mit der Bau- und Wohnbaustatistik. Jedes Gebäude und jede Wohnung verfügt über eine schweizweit eindeutige und einmalige Identifikationsnummer (EGID bzw. EWID) sowie über eine geokodierte, nach der SNV-Norm 612040 standardisierte Adresse. Parzellennummern, Gebäudenummern und metrische Gebäudekoordinaten erlauben eine exakte geografische Lokalisierung der Gebäude.</gco:CharacterString>
            <gmd:PT_FreeText>
               <gmd:textGroup>
                  <gmd:LocalisedCharacterString locale="#DE">Das eidgenössische Gebäude- und Wohnungsregister (GWR) enthält die wichtigsten Grunddaten zu Gebäude und Wohnungen. Es wird für Statistik-, Forschungs- und Planungszwecke genutzt und dient den Kantonen und Gemeinden für den Vollzug von gesetzlichen Aufgaben. Die Nachführung erfolgt in Koordination mit der Bau- und Wohnbaustatistik. Jedes Gebäude und jede Wohnung verfügt über eine schweizweit eindeutige und einmalige Identifikationsnummer (EGID bzw. EWID) sowie über eine geokodierte, nach der SNV-Norm 612040 standardisierte Adresse. Parzellennummern, Gebäudenummern und metrische Gebäudekoordinaten erlauben eine exakte geografische Lokalisierung der Gebäude.</gmd:LocalisedCharacterString>
               </gmd:textGroup>
               <gmd:textGroup>
                  <gmd:LocalisedCharacterString locale="#FR">Le Registre fédéral des bâtiments et des logements (RegBL) contient les principales données de base sur les bâtiments et les logements. Il est utilisé à des fins statistiques, de recherche ou de planification, et il permet aux cantons et communes d'exécuter certaines tâches que leur assigne la loi. La mise à jour est effectuée en coordination avec la statistique de la construction et des logements. Chaque bâtiment et chaque logement dispose d'un numéro d'identification fédéral unique sur tout le territoire suisse et attribué qu'une seule fois (EGID et EWID), ainsi que d'une adresse géocodée et conforme à la norme SN 612040. Numéros de parcelle et de bâtiment et surtout les coordonnées métriques permettent une localisation géographique exacte des bâtiments.</gmd:LocalisedCharacterString>
               </gmd:textGroup>
               <gmd:textGroup>
                  <gmd:LocalisedCharacterString locale="#IT">Il Registro federale degli edifici e delle abitazioni REA contiene i principali dati di base relativi agli edifici e alle abitazioni. Viene utilizzato per finalità statistiche, di ricerca e di pianificazione e serve ai Cantoni e ai Comuni per lo svolgimento dei compiti assegnati loro dalla legge. L'aggiornamento ha luogo in coordinamento con la statistica delle costruzioni e dell'edilizia abitativa. Ogni edificio e ogni abitazione dispongono di un numero di identificazione unico e univoco (EGID, risp. EWID) nonché di un indirizzo geocodificato e standardizzato secondo la norma SN 612040. I numeri delle particelle e degli edifici nonché le coordinate metriche degli edifici consentono una localizzazione geografica esatta degli edifici.</gmd:LocalisedCharacterString>
               </gmd:textGroup>
               <gmd:textGroup>
                  <gmd:LocalisedCharacterString locale="#EN">The federal register of buildings and housing contains the most important basic data about buildings and housing. It is used for statistical, research and planning purposes and allows the cantons and municipalities to fulfil their statutory tasks. The register is updated in coordination with the construction and housing statistics. Every building and every dwelling has a clear and unique identification number (federal building ID (EGID) or federal dwelling ID (EWID)) and a geocoded address, standardised according to the SNV 612040 standard. Plot numbers, building numbers and metric building coordinates allow the exact geographic location of the buildings to be identified.</gmd:LocalisedCharacterString>
               </gmd:textGroup>
               <gmd:textGroup>
                  <gmd:LocalisedCharacterString locale="#RM">Il Register federal dals edifizis e da las abitaziuns (REA) cuntegna las datas da basa las pli impurtantas dals edifizis e da las abitaziuns. El vegn duvrà per intents da statistica, da perscrutaziun e da planisaziun e serva als chantuns ed a las vischnancas per exequir incumbensas legalas. L'actualisaziun vegn fatga en coordinaziun cun la statistica da construcziun e d'edifizis d'abitar. Mintga edifizi e mintga abitaziun ha in numer d'identificaziun ch'è cler ed unic en tut la Svizra (EGID resp. EWID) sco er in'adressa geocodada e standardisada tenor la norma ASN 612040. Il numer da la parcella, il numer da l'edifizi e las coordinatas metricas d'in edifizi permettan ina localisaziun geografica precisa da l'edifizi.</gmd:LocalisedCharacterString>
               </gmd:textGroup>
            </gmd:PT_FreeText>
         </gmd:abstract>
         <gmd:purpose xsi:type="gmd:PT_FreeText_PropertyType">
            <gco:CharacterString>Das Register wird für Statistik-, Forschungs- und Planungszwecke sowie für den Vollzug von gesetzlichen Aufgaben in Kantonen und Gemeinden genutzt. Mit seinen Angaben dient es der Modernisierung statistischer Erhebungen, insbesondere Entlastung der Gemeinden und Auskunftspflichtigen in der neuen Volkszählung ab 2010, aber auch als Datenbasis für die Geokodierung und räumliche Analysen statistischer Erhebungen.</gco:CharacterString>
            <gmd:PT_FreeText>
               <gmd:textGroup>
                  <gmd:LocalisedCharacterString locale="#DE">Das Register wird für Statistik-, Forschungs- und Planungszwecke sowie für den Vollzug von gesetzlichen Aufgaben in Kantonen und Gemeinden genutzt. Mit seinen Angaben dient es der Modernisierung statistischer Erhebungen, insbesondere Entlastung der Gemeinden und Auskunftspflichtigen in der neuen Volkszählung ab 2010, aber auch als Datenbasis für die Geokodierung und räumliche Analysen statistischer Erhebungen.</gmd:LocalisedCharacterString>
               </gmd:textGroup>
               <gmd:textGroup>
                  <gmd:LocalisedCharacterString locale="#FR">Le registre est utilisé à des fins statistiques, de recherche ou de planification ainsi que pour l'accomplissement par les cantons et les communes des tâches que leur assigne la loi. Ces informations facilitent la modernisation des relevés statistiques afin de décharger les communes et les personnes tenues à l'obligation de renseigner lors du nouveau recensement de la population dès 2010 et ils forment une base de données pour le géocodage et les analyses spatiales d'enquêtes statistiques.</gmd:LocalisedCharacterString>
               </gmd:textGroup>
            </gmd:PT_FreeText>
         </gmd:purpose>
         <gmd:status>
            <gmd:MD_ProgressCode codeList="http://standards.iso.org/ittf/PubliclyAvailableStandards/ISO_19139_Schemas/resources/codelist/ML_gmxCodelists.xml#MD_ProgressCode"
                                 codeListValue="onGoing"/>
         </gmd:status>
         <gmd:pointOfContact>
            <gmd:CI_ResponsibleParty>
               <gmd:organisationName xsi:type="gmd:PT_FreeText_PropertyType">
                  <gco:CharacterString>Bundesamt für Statistik</gco:CharacterString>
                  <gmd:PT_FreeText>
                     <gmd:textGroup>
                        <gmd:LocalisedCharacterString locale="#DE">Bundesamt für Statistik</gmd:LocalisedCharacterString>
                     </gmd:textGroup>
                     <gmd:textGroup>
                        <gmd:LocalisedCharacterString locale="#FR">Office fédéral de la statistique</gmd:LocalisedCharacterString>
                     </gmd:textGroup>
                     <gmd:textGroup>
                        <gmd:LocalisedCharacterString locale="#IT">Ufficio federale di statistica</gmd:LocalisedCharacterString>
                     </gmd:textGroup>
                     <gmd:textGroup>
                        <gmd:LocalisedCharacterString locale="#EN">Swiss Federal Statistical Office</gmd:LocalisedCharacterString>
                     </gmd:textGroup>
                  </gmd:PT_FreeText>
               </gmd:organisationName>
               <gmd:contactInfo>
                  <gmd:CI_Contact>
                     <gmd:phone>
                        <gmd:CI_Telephone/>
                     </gmd:phone>
                     <gmd:address>
                        <gmd:CI_Address>
                           <gmd:city>
                              <gco:CharacterString>Neuchâtel</gco:CharacterString>
                           </gmd:city>
                           <gmd:postalCode>
                              <gco:CharacterString>2010</gco:CharacterString>
                           </gmd:postalCode>
                           <gmd:country>
                              <gco:CharacterString>CH</gco:CharacterString>
                           </gmd:country>
                           <gmd:electronicMailAddress>
                              <gco:CharacterString>mauro.nanini@bfs.admin.ch</gco:CharacterString>
                           </gmd:electronicMailAddress>
                        </gmd:CI_Address>
                     </gmd:address>
                     <gmd:onlineResource>
                        <gmd:CI_OnlineResource>
                           <gmd:linkage>
                              <gmd:URL>http://www.statistik.admin.ch</gmd:URL>
                           </gmd:linkage>
                           <gmd:protocol>
                              <gco:CharacterString>text/html</gco:CharacterString>
                           </gmd:protocol>
                        </gmd:CI_OnlineResource>
                     </gmd:onlineResource>
                  </gmd:CI_Contact>
               </gmd:contactInfo>
               <gmd:role>
                  <gmd:CI_RoleCode codeList="http://www.isotc211.org/2005/resources/codeList.xml#CI_RoleCode"
                                   codeListValue="distributor"/>
               </gmd:role>
            </gmd:CI_ResponsibleParty>
         </gmd:pointOfContact>
         <gmd:pointOfContact>
            <gmd:CI_ResponsibleParty>
               <gmd:organisationName xsi:type="gmd:PT_FreeText_PropertyType">
                  <gco:CharacterString>Bundesamt für Statistik</gco:CharacterString>
                  <gmd:PT_FreeText>
                     <gmd:textGroup>
                        <gmd:LocalisedCharacterString locale="#DE">Bundesamt für Statistik</gmd:LocalisedCharacterString>
                     </gmd:textGroup>
                  </gmd:PT_FreeText>
               </gmd:organisationName>
               <gmd:contactInfo>
                  <gmd:CI_Contact>
                     <gmd:phone>
                        <gmd:CI_Telephone>
                           <gmd:voice>
                              <gco:CharacterString>+41 58 463 60 11</gco:CharacterString>
                           </gmd:voice>
                        </gmd:CI_Telephone>
                     </gmd:phone>
                     <gmd:address>
                        <gmd:CI_Address>
                           <gmd:city>
                              <gco:CharacterString>Neuchâtel</gco:CharacterString>
                           </gmd:city>
                           <gmd:postalCode>
                              <gco:CharacterString>2010</gco:CharacterString>
                           </gmd:postalCode>
                           <gmd:electronicMailAddress>
                              <gco:CharacterString>info@bfs.admin.ch</gco:CharacterString>
                           </gmd:electronicMailAddress>
                        </gmd:CI_Address>
                     </gmd:address>
                     <gmd:onlineResource>
                        <gmd:CI_OnlineResource>
                           <gmd:linkage>
                              <gmd:URL>http://www.statistik.admin.ch</gmd:URL>
                           </gmd:linkage>
                           <gmd:protocol>
                              <gco:CharacterString>text/html</gco:CharacterString>
                           </gmd:protocol>
                        </gmd:CI_OnlineResource>
                     </gmd:onlineResource>
                     <gmd:hoursOfService>
                        <gco:CharacterString>Mo-Fr: 10:00-11:30 + 14:00-16:00</gco:CharacterString>
                     </gmd:hoursOfService>
                  </gmd:CI_Contact>
               </gmd:contactInfo>
               <gmd:role>
                  <gmd:CI_RoleCode codeList="http://www.isotc211.org/2005/resources/codeList.xml#CI_RoleCode"
                                   codeListValue="owner"/>
               </gmd:role>
            </gmd:CI_ResponsibleParty>
         </gmd:pointOfContact>
         <gmd:resourceMaintenance>
            <gmd:MD_MaintenanceInformation>
               <gmd:maintenanceAndUpdateFrequency>
                  <gmd:MD_MaintenanceFrequencyCode codeList="http://standards.iso.org/ittf/PubliclyAvailableStandards/ISO_19139_Schemas/resources/codelist/ML_gmxCodelists.xml#MD_MaintenanceFrequencyCode"
                                                   codeListValue="annually"/>
               </gmd:maintenanceAndUpdateFrequency>
            </gmd:MD_MaintenanceInformation>
         </gmd:resourceMaintenance>
         <gmd:descriptiveKeywords>
            <gmd:MD_Keywords>
               <gmd:keyword xsi:type="gmd:PT_FreeText_PropertyType">
                  <gco:CharacterString>Register</gco:CharacterString>
                  <gmd:PT_FreeText>
                     <gmd:textGroup>
                        <gmd:LocalisedCharacterString locale="#DE">Register</gmd:LocalisedCharacterString>
                     </gmd:textGroup>
                     <gmd:textGroup>
                        <gmd:LocalisedCharacterString locale="#FR">Registre</gmd:LocalisedCharacterString>
                     </gmd:textGroup>
                     <gmd:textGroup>
                        <gmd:LocalisedCharacterString locale="#IT">Registro</gmd:LocalisedCharacterString>
                     </gmd:textGroup>
                     <gmd:textGroup>
                        <gmd:LocalisedCharacterString locale="#EN">Register</gmd:LocalisedCharacterString>
                     </gmd:textGroup>
                     <gmd:textGroup>
                        <gmd:LocalisedCharacterString locale="#RM"/>
                     </gmd:textGroup>
                  </gmd:PT_FreeText>
               </gmd:keyword>
               <gmd:keyword xsi:type="gmd:PT_FreeText_PropertyType">
                  <gco:CharacterString>Baustatistik</gco:CharacterString>
                  <gmd:PT_FreeText>
                     <gmd:textGroup>
                        <gmd:LocalisedCharacterString locale="#DE">Baustatistik</gmd:LocalisedCharacterString>
                     </gmd:textGroup>
                     <gmd:textGroup>
                        <gmd:LocalisedCharacterString locale="#FR">statistique de la construction et du logement</gmd:LocalisedCharacterString>
                     </gmd:textGroup>
                     <gmd:textGroup>
                        <gmd:LocalisedCharacterString locale="#IT">statistica delle costruzioni</gmd:LocalisedCharacterString>
                     </gmd:textGroup>
                     <gmd:textGroup>
                        <gmd:LocalisedCharacterString locale="#EN">housing and building statistics</gmd:LocalisedCharacterString>
                     </gmd:textGroup>
                     <gmd:textGroup>
                        <gmd:LocalisedCharacterString locale="#RM"/>
                     </gmd:textGroup>
                  </gmd:PT_FreeText>
               </gmd:keyword>
               <gmd:keyword xsi:type="gmd:PT_FreeText_PropertyType">
                  <gco:CharacterString>e-geo.ch Geoportal</gco:CharacterString>
                  <gmd:PT_FreeText>
                     <gmd:textGroup>
                        <gmd:LocalisedCharacterString locale="#DE">e-geo.ch Geoportal</gmd:LocalisedCharacterString>
                     </gmd:textGroup>
                     <gmd:textGroup>
                        <gmd:LocalisedCharacterString locale="#FR">géoportail e-geo.ch</gmd:LocalisedCharacterString>
                     </gmd:textGroup>
                     <gmd:textGroup>
                        <gmd:LocalisedCharacterString locale="#IT">geoportale e-geo.ch</gmd:LocalisedCharacterString>
                     </gmd:textGroup>
                     <gmd:textGroup>
                        <gmd:LocalisedCharacterString locale="#EN">e-geo.ch geoportal</gmd:LocalisedCharacterString>
                     </gmd:textGroup>
                     <gmd:textGroup>
                        <gmd:LocalisedCharacterString locale="#RM"/>
                     </gmd:textGroup>
                  </gmd:PT_FreeText>
               </gmd:keyword>
               <gmd:keyword xsi:type="gmd:PT_FreeText_PropertyType">
                  <gco:CharacterString>Geobasisdaten</gco:CharacterString>
                  <gmd:PT_FreeText>
                     <gmd:textGroup>
                        <gmd:LocalisedCharacterString locale="#DE">Geobasisdaten</gmd:LocalisedCharacterString>
                     </gmd:textGroup>
                     <gmd:textGroup>
                        <gmd:LocalisedCharacterString locale="#FR">géodonnée de base</gmd:LocalisedCharacterString>
                     </gmd:textGroup>
                     <gmd:textGroup>
                        <gmd:LocalisedCharacterString locale="#IT">geodati di base</gmd:LocalisedCharacterString>
                     </gmd:textGroup>
                     <gmd:textGroup>
                        <gmd:LocalisedCharacterString locale="#EN">official geodata</gmd:LocalisedCharacterString>
                     </gmd:textGroup>
                     <gmd:textGroup>
                        <gmd:LocalisedCharacterString locale="#RM"/>
                     </gmd:textGroup>
                  </gmd:PT_FreeText>
               </gmd:keyword>
               <gmd:keyword xsi:type="gmd:PT_FreeText_PropertyType">
                  <gco:CharacterString>Aufbewahrungs- und Archivierungsplanung AAP - Bund</gco:CharacterString>
                  <gmd:PT_FreeText>
                     <gmd:textGroup>
                        <gmd:LocalisedCharacterString locale="#DE">Aufbewahrungs- und Archivierungsplanung AAP - Bund</gmd:LocalisedCharacterString>
                     </gmd:textGroup>
                     <gmd:textGroup>
                        <gmd:LocalisedCharacterString locale="#FR">Planification de la conservation et de l'archivage AAP - Conféderation</gmd:LocalisedCharacterString>
                     </gmd:textGroup>
                     <gmd:textGroup>
                        <gmd:LocalisedCharacterString locale="#IT">Pianificazione della conservazione e dell’archiviazione AAP - Confederazione</gmd:LocalisedCharacterString>
                     </gmd:textGroup>
                     <gmd:textGroup>
                        <gmd:LocalisedCharacterString locale="#EN">Conservation and archiving planning AAP - Confederation</gmd:LocalisedCharacterString>
                     </gmd:textGroup>
                     <gmd:textGroup>
                        <gmd:LocalisedCharacterString locale="#RM"/>
                     </gmd:textGroup>
                  </gmd:PT_FreeText>
               </gmd:keyword>
               <gmd:keyword xsi:type="gmd:PT_FreeText_PropertyType">
                  <gco:CharacterString>opendata.swiss</gco:CharacterString>
                  <gmd:PT_FreeText>
                     <gmd:textGroup>
                        <gmd:LocalisedCharacterString locale="#DE">opendata.swiss</gmd:LocalisedCharacterString>
                     </gmd:textGroup>
                     <gmd:textGroup>
                        <gmd:LocalisedCharacterString locale="#FR">opendata.swiss</gmd:LocalisedCharacterString>
                     </gmd:textGroup>
                     <gmd:textGroup>
                        <gmd:LocalisedCharacterString locale="#IT">opendata.swiss</gmd:LocalisedCharacterString>
                     </gmd:textGroup>
                     <gmd:textGroup>
                        <gmd:LocalisedCharacterString locale="#EN">opendata.swiss</gmd:LocalisedCharacterString>
                     </gmd:textGroup>
                     <gmd:textGroup>
                        <gmd:LocalisedCharacterString locale="#RM">opendata.swiss</gmd:LocalisedCharacterString>
                     </gmd:textGroup>
                  </gmd:PT_FreeText>
               </gmd:keyword>
               <gmd:keyword xsi:type="gmd:PT_FreeText_PropertyType">
                  <gco:CharacterString>Gebäudeadresse</gco:CharacterString>
                  <gmd:PT_FreeText>
                     <gmd:textGroup>
                        <gmd:LocalisedCharacterString locale="#DE">Gebäudeadresse</gmd:LocalisedCharacterString>
                     </gmd:textGroup>
                     <gmd:textGroup>
                        <gmd:LocalisedCharacterString locale="#FR">adresse de bâtiment</gmd:LocalisedCharacterString>
                     </gmd:textGroup>
                     <gmd:textGroup>
                        <gmd:LocalisedCharacterString locale="#IT">indirizzo di edificio</gmd:LocalisedCharacterString>
                     </gmd:textGroup>
                     <gmd:textGroup>
                        <gmd:LocalisedCharacterString locale="#EN">building address (?)</gmd:LocalisedCharacterString>
                     </gmd:textGroup>
                     <gmd:textGroup>
                        <gmd:LocalisedCharacterString locale="#RM"/>
                     </gmd:textGroup>
                  </gmd:PT_FreeText>
               </gmd:keyword>
               <gmd:type>
                  <gmd:MD_KeywordTypeCode codeList="http://www.isotc211.org/2005/resources/codeList.xml#MD_KeywordTypeCode"
                                          codeListValue="theme"/>
               </gmd:type>
               <gmd:thesaurusName>
                  <gmd:CI_Citation>
                     <gmd:title>
                        <gco:CharacterString>geocat.ch</gco:CharacterString>
                     </gmd:title>
                     <gmd:date>
                        <gmd:CI_Date>
                           <gmd:date>
                              <gco:Date>2020-06-12</gco:Date>
                           </gmd:date>
                           <gmd:dateType>
                              <gmd:CI_DateTypeCode codeList="http://standards.iso.org/iso/19139/resources/gmxCodelists.xml#CI_DateTypeCode"
                                                   codeListValue="publication"/>
                           </gmd:dateType>
                        </gmd:CI_Date>
                     </gmd:date>
                     <gmd:identifier>
                        <gmd:MD_Identifier>
                           <gmd:code>
                              <gmx:Anchor>
                    geonetwork.thesaurus.local.theme.geocat.ch</gmx:Anchor>
                           </gmd:code>
                        </gmd:MD_Identifier>
                     </gmd:identifier>
                  </gmd:CI_Citation>
               </gmd:thesaurusName>
            </gmd:MD_Keywords>
         </gmd:descriptiveKeywords>
         <gmd:descriptiveKeywords>
            <gmd:MD_Keywords>
               <gmd:keyword xsi:type="gmd:PT_FreeText_PropertyType">
                  <gco:CharacterString>Gebäude</gco:CharacterString>
                  <gmd:PT_FreeText>
                     <gmd:textGroup>
                        <gmd:LocalisedCharacterString locale="#DE">Gebäude</gmd:LocalisedCharacterString>
                     </gmd:textGroup>
                     <gmd:textGroup>
                        <gmd:LocalisedCharacterString locale="#FR">Bâtiments</gmd:LocalisedCharacterString>
                     </gmd:textGroup>
                     <gmd:textGroup>
                        <gmd:LocalisedCharacterString locale="#IT">Edifici</gmd:LocalisedCharacterString>
                     </gmd:textGroup>
                     <gmd:textGroup>
                        <gmd:LocalisedCharacterString locale="#EN">Buildings</gmd:LocalisedCharacterString>
                     </gmd:textGroup>
                     <gmd:textGroup>
                        <gmd:LocalisedCharacterString locale="#RM"/>
                     </gmd:textGroup>
                  </gmd:PT_FreeText>
               </gmd:keyword>
               <gmd:keyword xsi:type="gmd:PT_FreeText_PropertyType">
                  <gco:CharacterString>Adressen</gco:CharacterString>
                  <gmd:PT_FreeText>
                     <gmd:textGroup>
                        <gmd:LocalisedCharacterString locale="#DE">Adressen</gmd:LocalisedCharacterString>
                     </gmd:textGroup>
                     <gmd:textGroup>
                        <gmd:LocalisedCharacterString locale="#FR">Adresses</gmd:LocalisedCharacterString>
                     </gmd:textGroup>
                     <gmd:textGroup>
                        <gmd:LocalisedCharacterString locale="#IT">Indirizzi</gmd:LocalisedCharacterString>
                     </gmd:textGroup>
                     <gmd:textGroup>
                        <gmd:LocalisedCharacterString locale="#EN">Addresses</gmd:LocalisedCharacterString>
                     </gmd:textGroup>
                     <gmd:textGroup>
                        <gmd:LocalisedCharacterString locale="#RM"/>
                     </gmd:textGroup>
                  </gmd:PT_FreeText>
               </gmd:keyword>
               <gmd:type>
                  <gmd:MD_KeywordTypeCode codeList="http://www.isotc211.org/2005/resources/codeList.xml#MD_KeywordTypeCode"
                                          codeListValue="theme"/>
               </gmd:type>
               <gmd:thesaurusName>
                  <gmd:CI_Citation>
                     <gmd:title>
                        <gco:CharacterString>GEMET - INSPIRE themes, version 1.0</gco:CharacterString>
                     </gmd:title>
                     <gmd:date>
                        <gmd:CI_Date>
                           <gmd:date>
                              <gco:Date>2008-06-01</gco:Date>
                           </gmd:date>
                           <gmd:dateType>
                              <gmd:CI_DateTypeCode codeList="http://standards.iso.org/iso/19139/resources/gmxCodelists.xml#CI_DateTypeCode"
                                                   codeListValue="publication"/>
                           </gmd:dateType>
                        </gmd:CI_Date>
                     </gmd:date>
                     <gmd:identifier>
                        <gmd:MD_Identifier>
                           <gmd:code>
                              <gmx:Anchor>
                    geonetwork.thesaurus.external.theme.inspire-theme</gmx:Anchor>
                           </gmd:code>
                        </gmd:MD_Identifier>
                     </gmd:identifier>
                  </gmd:CI_Citation>
               </gmd:thesaurusName>
            </gmd:MD_Keywords>
         </gmd:descriptiveKeywords>
         <gmd:descriptiveKeywords>
            <gmd:MD_Keywords>
               <gmd:keyword xsi:type="gmd:PT_FreeText_PropertyType">
                  <gco:CharacterString>Wohnung</gco:CharacterString>
                  <gmd:PT_FreeText>
                     <gmd:textGroup>
                        <gmd:LocalisedCharacterString locale="#DE">Wohnung</gmd:LocalisedCharacterString>
                     </gmd:textGroup>
                     <gmd:textGroup>
                        <gmd:LocalisedCharacterString locale="#FR">habitation</gmd:LocalisedCharacterString>
                     </gmd:textGroup>
                     <gmd:textGroup>
                        <gmd:LocalisedCharacterString locale="#IT">abitazione</gmd:LocalisedCharacterString>
                     </gmd:textGroup>
                     <gmd:textGroup>
                        <gmd:LocalisedCharacterString locale="#EN">dwelling</gmd:LocalisedCharacterString>
                     </gmd:textGroup>
                     <gmd:textGroup>
                        <gmd:LocalisedCharacterString locale="#RM"/>
                     </gmd:textGroup>
                  </gmd:PT_FreeText>
               </gmd:keyword>
               <gmd:type>
                  <gmd:MD_KeywordTypeCode codeList="http://www.isotc211.org/2005/resources/codeList.xml#MD_KeywordTypeCode"
                                          codeListValue="theme"/>
               </gmd:type>
               <gmd:thesaurusName>
                  <gmd:CI_Citation>
                     <gmd:title>
                        <gco:CharacterString>GEMET</gco:CharacterString>
                     </gmd:title>
                     <gmd:date>
                        <gmd:CI_Date>
                           <gmd:date>
                              <gco:Date>2017-12-07</gco:Date>
                           </gmd:date>
                           <gmd:dateType>
                              <gmd:CI_DateTypeCode codeList="http://standards.iso.org/iso/19139/resources/gmxCodelists.xml#CI_DateTypeCode"
                                                   codeListValue="publication"/>
                           </gmd:dateType>
                        </gmd:CI_Date>
                     </gmd:date>
                     <gmd:identifier>
                        <gmd:MD_Identifier>
                           <gmd:code>
                              <gmx:Anchor>
                    geonetwork.thesaurus.external.theme.gemet</gmx:Anchor>
                           </gmd:code>
                        </gmd:MD_Identifier>
                     </gmd:identifier>
                  </gmd:CI_Citation>
               </gmd:thesaurusName>
            </gmd:MD_Keywords>
         </gmd:descriptiveKeywords>
         <gmd:resourceConstraints>
            <gmd:MD_LegalConstraints>
               <gmd:useLimitation xsi:type="gmd:PT_FreeText_PropertyType">
                  <gco:CharacterString>Gemäss Art. 16 der Verordnung über das eidgenössische Gebäude- und Wohnungsregister vom 1. Juli 2017 (VGWR; SR 431.841) veröffentlicht das BFS die Daten der Berechtigungsstufen A im Internet. Die Bereitstellung der Strassen und der Gebäudeadressen (beide Stufe A) erfolgt gemäss Art. 26a und 26c der Verordnung über die geografischen Namen vom 21. Mai 2008 (GeoNV; SR 510.625) durch swisstopo. Das BFS teilt swisstopo die Daten und periodisch alle Änderungen mit (Art. 26a Abs. 3 und 26c Abs. 2 GeoNV).</gco:CharacterString>
                  <gmd:PT_FreeText>
                     <gmd:textGroup>
                        <gmd:LocalisedCharacterString locale="#DE">Gemäss Art. 16 der Verordnung über das eidgenössische Gebäude- und Wohnungsregister vom 1. Juli 2017 (VGWR; SR 431.841) veröffentlicht das BFS die Daten der Berechtigungsstufen A im Internet. Die Bereitstellung der Strassen und der Gebäudeadressen (beide Stufe A) erfolgt gemäss Art. 26a und 26c der Verordnung über die geografischen Namen vom 21. Mai 2008 (GeoNV; SR 510.625) durch swisstopo. Das BFS teilt swisstopo die Daten und periodisch alle Änderungen mit (Art. 26a Abs. 3 und 26c Abs. 2 GeoNV).</gmd:LocalisedCharacterString>
                     </gmd:textGroup>
                     <gmd:textGroup>
                        <gmd:LocalisedCharacterString locale="#FR">Conformément à l’art. 16 de l’Ordonnance sur le Registre fédéral des bâtiments et des logements du 1er juillet 2017 (ORegBL ; RS 431.841), l’OFS publie les données du niveau d’autorisation A sur Internet. La publication des données des rues et d’adresses des bâtiments (toutes les deux du niveau A) sera assurée par swisstopo conformément aux art. 26a et 26c Ordonnance sur les noms géographiques du 21 mai 2008 (ONGéo ; RS 510.625). L’OFS communique, pour ce faire, régulièrement les données concernées à swisstopo (art. 26a, al. 3 et 26c, al. 2 ONGéo).</gmd:LocalisedCharacterString>
                     </gmd:textGroup>
                  </gmd:PT_FreeText>
               </gmd:useLimitation>
               <gmd:useConstraints>
                  <gmd:MD_RestrictionCode codeList="http://standards.iso.org/ittf/PubliclyAvailableStandards/ISO_19139_Schemas/resources/codelist/ML_gmxCodelists.xml#MD_RestrictionCode"
                                          codeListValue="otherRestrictions"/>
               </gmd:useConstraints>
               <gmd:otherConstraints xsi:type="gmd:PT_FreeText_PropertyType">
                  <gco:CharacterString>Quellenangabe erforderlich.</gco:CharacterString>
                  <gmd:PT_FreeText>
                     <gmd:textGroup>
                        <gmd:LocalisedCharacterString locale="#DE">Quellenangabe erforderlich.</gmd:LocalisedCharacterString>
                     </gmd:textGroup>
                     <gmd:textGroup>
                        <gmd:LocalisedCharacterString locale="#FR">La source des données doit être mentionnée.</gmd:LocalisedCharacterString>
                     </gmd:textGroup>
                     <gmd:textGroup>
                        <gmd:LocalisedCharacterString locale="#IT">La fonte dei dati deve essere menzionata.</gmd:LocalisedCharacterString>
                     </gmd:textGroup>
                     <gmd:textGroup>
                        <gmd:LocalisedCharacterString locale="#EN">Indication of data source is required.</gmd:LocalisedCharacterString>
                     </gmd:textGroup>
                  </gmd:PT_FreeText>
               </gmd:otherConstraints>
            </gmd:MD_LegalConstraints>
         </gmd:resourceConstraints>
         <gmd:spatialRepresentationType>
            <gmd:MD_SpatialRepresentationTypeCode codeList="http://standards.iso.org/ittf/PubliclyAvailableStandards/ISO_19139_Schemas/resources/codelist/ML_gmxCodelists.xml#MD_SpatialRepresentationTypeCode"
                                                  codeListValue="textTable"/>
         </gmd:spatialRepresentationType>
         <gmd:language>
            <gmd:LanguageCode codeList="http://www.loc.gov/standards/iso639-2/" codeListValue="ger"/>
         </gmd:language>
         <gmd:language>
            <gmd:LanguageCode codeList="http://www.loc.gov/standards/iso639-2/" codeListValue="fre"/>
         </gmd:language>
         <gmd:language>
            <gmd:LanguageCode codeList="http://www.loc.gov/standards/iso639-2/" codeListValue="ita"/>
         </gmd:language>
         <gmd:language>
            <gmd:LanguageCode codeList="http://www.loc.gov/standards/iso639-2/" codeListValue="eng"/>
         </gmd:language>
         <gmd:characterSet>
            <gmd:MD_CharacterSetCode codeList="http://standards.iso.org/ittf/PubliclyAvailableStandards/ISO_19139_Schemas/resources/codelist/ML_gmxCodelists.xml#MD_CharacterSetCode"
                                     codeListValue="utf8"/>
         </gmd:characterSet>
         <gmd:topicCategory>
            <gmd:MD_TopicCategoryCode>location</gmd:MD_TopicCategoryCode>
         </gmd:topicCategory>
         <gmd:extent>
            <gmd:EX_Extent>
               <gmd:description xsi:type="gmd:PT_FreeText_PropertyType">
                  <gco:CharacterString>Schweiz</gco:CharacterString>
                  <gmd:PT_FreeText>
                     <gmd:textGroup>
                        <gmd:LocalisedCharacterString locale="#DE">Schweiz</gmd:LocalisedCharacterString>
                     </gmd:textGroup>
                     <gmd:textGroup>
                        <gmd:LocalisedCharacterString locale="#FR">Schweiz</gmd:LocalisedCharacterString>
                     </gmd:textGroup>
                     <gmd:textGroup>
                        <gmd:LocalisedCharacterString locale="#IT">Schweiz</gmd:LocalisedCharacterString>
                     </gmd:textGroup>
                     <gmd:textGroup>
                        <gmd:LocalisedCharacterString locale="#EN">Schweiz</gmd:LocalisedCharacterString>
                     </gmd:textGroup>
                     <gmd:textGroup>
                        <gmd:LocalisedCharacterString locale="#RM">Schweiz</gmd:LocalisedCharacterString>
                     </gmd:textGroup>
                  </gmd:PT_FreeText>
               </gmd:description>
               <gmd:geographicElement>
                  <gmd:EX_GeographicBoundingBox>
                     <gmd:westBoundLongitude>
                        <gco:Decimal>5.956069</gco:Decimal>
                     </gmd:westBoundLongitude>
                     <gmd:eastBoundLongitude>
                        <gco:Decimal>10.492047</gco:Decimal>
                     </gmd:eastBoundLongitude>
                     <gmd:southBoundLatitude>
                        <gco:Decimal>45.820823</gco:Decimal>
                     </gmd:southBoundLatitude>
                     <gmd:northBoundLatitude>
                        <gco:Decimal>47.808490</gco:Decimal>
                     </gmd:northBoundLatitude>
                  </gmd:EX_GeographicBoundingBox>
               </gmd:geographicElement>
               <gmd:geographicElement>
                  <gmd:EX_BoundingPolygon>
                     <gmd:polygon>
                        <MultiSurface xmlns="http://www.opengis.net/gml/3.2" gml:id="d2674352e57">
                           <gml:surfaceMember>
                              <Polygon gml:id="d2674352e59">
                                 <gml:exterior>
                                    <gml:LinearRing>
                                       <gml:posList>8.618636136351077 47.79832819365082 8.567870448543298 47.808490469284976 8.57709380273077 47.78154261359985 8.472338473119196 47.76355812771139 8.455065486460464 47.722311966804064 8.404435958651684 47.698066045625296 8.420677913922562 47.683867397358846 8.40604122811449 47.673266397626534 8.46564241908907 47.65704654804725 8.473516759765994 47.63830890307318 8.473773405333338 47.64982696964279 8.531537191849733 47.64579020300428 8.527019805925725 47.66039680386717 8.561162090063934 47.670305715451505 8.577721599772577 47.661610092323606 8.606660377320425 47.67213102679454 8.628814793255096 47.64965480659201 8.595525027523687 47.642875404865116 8.604965308124523 47.61401470584857 8.58236501345689 47.59613569715748 8.56285093485213 47.59943380743463 8.574418119968236 47.61193232814655 8.557348139852412 47.624563472373715 8.515542993402867 47.63392170677763 8.508261296277164 47.617509140762884 8.45660884864395 47.60235728196186 8.466946742523898 47.58420412795566 8.49454988493339 47.58120284779842 8.464723615752714 47.57229706907956 8.32991983143931 47.570920142881675 8.291058476721894 47.609403537950456 8.226316055008265 47.605065789924815 8.206107085594347 47.621003461422106 8.165554102163046 47.59431149136439 8.10947016506889 47.58237616187295 8.089351818288971 47.557729610042905 7.959434577099721 47.55822966700068 7.943285362695794 47.54397816101678 7.910869245967949 47.55170583632464 7.892564465423711 47.587277623800595 7.8227545765902216 47.58794443052924 7.795677625858666 47.55744986812447 7.69043228883719 47.53234267214194 7.634101239322111 47.561118578322876 7.685975080579112 47.56562238127743 7.671759199559159 47.58736506512138 7.693584944105702 47.600537548734444 7.645820635929973 47.59697373785718 7.6190692884908895 47.576835232343356 7.589043241650123 47.58988343146769 7.584832079087992 47.57566236759771 7.499242258661455 47.53983852746983 7.53147833231941 47.52772282900157 7.522117147642116 47.51423778605593 7.497820066941228 47.521238436751965 7.502002812637003 47.490445737003085 7.476013055736952 47.480015790217514 7.431955455234861 47.49613756552103 7.421238248474653 47.48018802773652 7.456060375164786 47.47193683654364 7.402984733559647 47.43551785334147 7.329826365074102 47.441438696470115 7.245589670595315 47.42030543334231 7.231950768778646 47.43905109800215 7.170422458315754 47.44346087849513 7.2010840916137395 47.49388753927646 7.128017766453965 47.50359640137855 7.074878314707122 47.48817404225255 7.024406165027827 47.504230341157 6.982913835320305 47.49427796372315 7.001549568115628 47.45375065742888 6.939185022202498 47.4337118067886 6.938598266462774 47.40648615604183 6.913615608908469 47.40466674509534 6.8798039232719725 47.352447097616825 7.017906912117407 47.37288962765417 7.048924004601611 47.36184943000829 7.0566297995039005 47.33439874303921 7.009737424706251 47.32437388627323 6.996570085269273 47.296133785018434 6.9407396894015 47.28651295628086 6.955475887668876 47.24298084083645 6.84132406077806 47.17140422367351 6.858829113522642 47.16568210746016 6.849970979695795 47.156466103699884 6.703572462897413 47.08217480445635 6.691786243355083 47.066416265751286 6.7184612617620125 47.0507985599015 6.61814315032795 46.991896151601495 6.505956270013948 46.96614697404134 6.4966912751696855 46.974185177279836 6.432741500338627 46.928462066164066 6.464449361117308 46.89042122185409 6.430987471206794 46.812334415337766 6.45843290758429 46.788316669568054 6.452218255002143 46.77414862048399 6.269427389697237 46.682725865080926 6.110947532749334 46.576662420641334 6.156466935099919 46.545257494904405 6.072812859663235 46.46575695481556 6.086229234416428 46.44315127290448 6.064010780224935 46.41622909861854 6.1701415833310245 46.36643668925036 6.102350950861168 46.28485930922851 6.124297781301943 46.251133021642346 5.974396617021806 46.21475644762518 5.963682400338812 46.196972622694204 5.995204452056706 46.18289967852278 5.956069404703701 46.13209270071965 5.993965121444234 46.14443247279984 6.035707273230779 46.134768740991404 6.051904514583171 46.15127176155346 6.135524899825851 46.14116235766195 6.2223154004928 46.200793828457456 6.294448523265556 46.22493316999831 6.310265888058619 46.256183283384125 6.294862870557195 46.26460239438279 6.266492572740759 46.24770291381515 6.2377316539230305 46.27662270037572 6.248826940129985 46.30155579233637 6.219531854363853 46.311881975069376 6.252942459339907 46.36042410952974 6.3351758167376735 46.403721008517266 6.425605946160257 46.4158096948427 6.51909182382572 46.45637103912149 6.681846747139384 46.454337336428964 6.8210532854194295 46.42715660280175 6.806121292227788 46.379781900998196 6.770430367735351 46.35520740743068 6.864796256503964 46.280595085862075 6.803551226537243 46.20313740758567 6.7978756172355475 46.136799559267615 6.899460990764513 46.12405515790284 6.875624773376842 46.04769473246365 6.936958778155464 46.064754070686504 6.984739523068636 46.00512603471887 7.010517600601531 45.99727537767575 7.023317519245356 45.97923522115884 7.0090363453718965 45.9693897225668 7.037586371539799 45.95427152161369 7.101160910174281 45.85926821223587 7.153529878093876 45.8792471064575 7.196574955339536 45.86027182397742 7.216426306963483 45.88877689889702 7.256864529252637 45.88821522190219 7.294499791838083 45.921793175989066 7.386325331325373 45.89715221683328 7.471632617686372 45.93405606952617 7.499175024649624 45.96241510226094 7.5427532195005345 45.956938892938 7.550123519887039 45.98655303149748 7.578597181437923 45.98600890485457 7.5887805918359525 45.970512767173524 7.66418356308967 45.9756719822007 7.720470414585857 45.92378544216926 7.747741722503109 45.94100392720936 7.799492172807655 45.91738594080374 7.820380991424194 45.92695503224771 7.863566985094913 45.91669427529572 7.877416218564115 45.97385505436996 7.9086811730702 45.99696237737935 7.989086544643885 45.99592820407111 8.012405318406186 46.0119646889509 8.03540722659576 46.04403977526807 8.021654877782867 46.06936097121922 8.034340770224748 46.100835702823005 8.108226720853473 46.11162333781869 8.15533880164872 46.147625844067896 8.165504168067587 46.182222489229794 8.085922985036714 46.26661331118816 8.13755908433752 46.301762781007184 8.19874643551442 46.30224602115219 8.223991867033432 46.33444359566967 8.262880186124782 46.345962000511406 8.263769339538365 46.36401859650552 8.312896739081765 46.37706145420537 8.31572994901555 46.39896106120078 8.288931379290378 46.40810523040728 8.307489148323144 46.42584675952567 8.438527229877641 46.46429090011371 8.465943694730612 46.4443606719283 8.47117029206281 46.39591787750886 8.465354692707269 46.33375704866368 8.427736672329232 46.29829500937413 8.455877515860513 46.263749702067564 8.444523315980126 46.248871667517605 8.532440027035484 46.218276113991315 8.573603769008809 46.1644996328951 8.603003844268125 46.155361946580285 8.592893677695532 46.142962926915104 8.611855092974578 46.121662216912014 8.648027806428908 46.123319073470796 8.713932932612385 46.09726414547174 8.74232781009239 46.12221466053261 8.760224734532233 46.101409459042095 8.806033471839337 46.10127526487161 8.852111507547454 46.075632917247745 8.78590336090694 45.98906671898338 8.831635599981935 45.98795101410068 8.859926179945093 45.96622321722963 8.893751675670298 45.95900558344516 8.89272844621989 45.93300493851487 8.94529764884134 45.8669683411745 8.912142641064255 45.830434774384344 8.955769478513462 45.84289866242385 8.997483642439107 45.834933931566894 8.993910505203983 45.82195987379029 9.031385691767204 45.82082270055751 9.054803794195532 45.8735548973298 9.089023202367658 45.900651571990466 9.019192277994492 45.92843192394339 9.01396134617441 45.960538061300106 8.988989807391164 45.970332731938534 9.028458722868129 45.99361618940008 9.009523017850109 46.037278517927774 9.077124134763213 46.06408586684166 9.089614398828493 46.087006448047866 9.072516594392987 46.118093692536746 9.183814172175918 46.17036450446762 9.220907397753546 46.228884178137534 9.248532592967504 46.233758581428596 9.252118932735604 46.267382756331145 9.300143725310116 46.32644737516684 9.27607496505189 46.367802220394616 9.280478918320929 46.413052955385474 9.24700553563768 46.44678629008629 9.277900335129248 46.4609972362161 9.282743190033248 46.49668691075942 9.311052920161332 46.50412982907094 9.364262255139575 46.509060124709094 9.410792620775082 46.46678218586712 9.463563794547087 46.50886319193597 9.449100486581969 46.48436811799762 9.465406443525946 46.469638455442805 9.46081705753102 46.37596095232518 9.496427646833705 46.36409322963251 9.549532779238891 46.30236873747053 9.634972179165292 46.286113181628146 9.676516573342482 46.30303759281408 9.710150152014611 46.2917238767644 9.735843316991106 46.35030210000985 9.776940405024504 46.33500483142678 9.906846030734986 46.38095351117939 9.924794496668543 46.36589984590846 9.953197774845936 46.37914430395437 9.996770246061756 46.35092244704502 9.980225396876882 46.323134368534966 10.00020141315535 46.31306171368799 9.996020634815187 46.28475307637468 10.05544277432549 46.26578271133778 10.04367538411971 46.22973155098841 10.07059891557281 46.21710536072105 10.145954941731528 46.23046910180092 10.176530862333946 46.25826312942714 10.104280164048433 46.333654869126136 10.16668919828666 46.407635508733456 10.143206262388938 46.42826523868633 10.080479345537253 46.42102397547931 10.04198019685086 46.442606727071215 10.043961762215927 46.54034730512903 10.10022395890523 46.5828362932327 10.102362995361121 46.61070892330901 10.12846932018745 46.60549580367593 10.19277536772931 46.62592263546484 10.215329905856741 46.61692848052752 10.23921321330628 46.63531897710511 10.258900588062122 46.6104307444733 10.243607699567525 46.5777896363919 10.286651354386946 46.57024090075558 10.295446715138768 46.5498812492705 10.41814189390452 46.551307205135366 10.452811387960804 46.530669931001434 10.471533598860512 46.542843424888474 10.492046845483868 46.615328742235555 10.446086883460806 46.64125908747921 10.402299105758665 46.636799759484624 10.3818334443813 46.68429462839202 10.416018855755073 46.708991614115185 10.401044019264246 46.734195823960164 10.442641423468602 46.75399925821359 10.422732151558447 46.788231541825354 10.46654583356466 46.835883596501716 10.489364916747137 46.937779574705246 10.428654765496486 46.95614295260784 10.426603434990888 46.97567607166608 10.384716948987938 46.999981891933515 10.346536636421757 46.989582005262804 10.309380552791563 46.95019594339695 10.316082356692426 46.92517377682388 10.24059249826526 46.93124764600155 10.232701350168945 46.866295315221 10.105182394788041 46.84089943527933 10.087363002351601 46.8611804253125 10.051228825205019 46.86394010804752 10.017849995884458 46.901612974174085 9.876159523027676 46.93462728324064 9.892336639699428 46.99035752084757 9.876279339181906 47.021225267050085 9.836152549813445 47.012529394117934 9.681874652173317 47.06209486626728 9.559793846808345 47.04856432025364 9.539761897799236 47.06513850313927 9.476057414379977 47.0517917034334 9.52035461114094 47.10014428188927 9.485699683826178 47.1811818899626 9.529824274362179 47.26937670425505 9.605093964044881 47.351286341569995 9.67387766856986 47.38387022329432 9.644468982673684 47.43383213166406 9.65900873470368 47.452198676125384 9.609315626191078 47.470493004035504 9.594831989682868 47.46361801951153 9.561810118456332 47.49678235356159 9.558735413949584 47.54188982681282 9.49561849681098 47.551452066891386 9.394728731742223 47.620323903807126 9.256575321820979 47.65870629415067 9.175820442343289 47.6539369459781 9.02179588954285 47.68662079952784 8.895139288367336 47.64791313448272 8.850104353691716 47.68148552384267 8.872763195152617 47.70406405179639 8.818866975262067 47.71287283315007 8.806451647056239 47.738308038806 8.7699162408904 47.71794957715866 8.809945242411615 47.69326526083817 8.789650454642219 47.67524024774308 8.727984034762098 47.69267821152754 8.736306538757061 47.716152708709444 8.711282020521656 47.73007290822551 8.741488373716273 47.74807586931608 8.726117426406805 47.7627045225729 8.6926376597856 47.75615812854563 8.657026890838951 47.80036753577804 8.653043108378546 47.773366896798876 8.627690825682254 47.75926093130148 8.618636136351077 47.79832819365082</gml:posList>
                                    </gml:LinearRing>
                                 </gml:exterior>
                                 <gml:interior>
                                    <gml:LinearRing>
                                       <gml:posList>8.664335102879155 47.71331850918347 8.701562334865327 47.715179855463155 8.717719277468042 47.690740958763705 8.7015888059384 47.69193385096221 8.663349309285692 47.68590335372086 8.664335102879155 47.71331850918347</gml:posList>
                                    </gml:LinearRing>
                                 </gml:interior>
                                 <gml:interior>
                                    <gml:LinearRing>
                                       <gml:posList>8.958591082132997 45.96478432796426 8.97701744389083 45.98296449048458 8.975665152654043 45.96168024008871 8.958591082132997 45.96478432796426</gml:posList>
                                    </gml:LinearRing>
                                 </gml:interior>
                              </Polygon>
                           </gml:surfaceMember>
                        </MultiSurface>
                     </gmd:polygon>
                  </gmd:EX_BoundingPolygon>
               </gmd:geographicElement>
            </gmd:EX_Extent>
         </gmd:extent>
      </gmd:MD_DataIdentification>
  </gmd:identificationInfo>
   <gmd:distributionInfo xmlns:che="http://www.geocat.ch/2008/che"
                         xmlns:gco="http://www.isotc211.org/2005/gco"
                         xmlns:srv="http://www.isotc211.org/2005/srv"
                         xmlns:gmx="http://www.isotc211.org/2005/gmx"
                         xmlns:gts="http://www.isotc211.org/2005/gts"
                         xmlns:gsr="http://www.isotc211.org/2005/gsr"
                         xmlns:gmi="http://www.isotc211.org/2005/gmi"
                         xmlns:gml="http://www.opengis.net/gml/3.2"
                         xmlns:xlink="http://www.w3.org/1999/xlink"
                         xmlns:geonet="http://www.fao.org/geonetwork">
      <gmd:MD_Distribution>
         <gmd:distributionFormat>
            <gmd:MD_Format>
               <gmd:name>
                  <gco:CharacterString>Text (.csv), semicolon separated</gco:CharacterString>
               </gmd:name>
               <gmd:version>
                  <gco:CharacterString>-</gco:CharacterString>
               </gmd:version>
            </gmd:MD_Format>
         </gmd:distributionFormat>
         <gmd:transferOptions>
            <gmd:MD_DigitalTransferOptions>
               <gmd:onLine>
                  <gmd:CI_OnlineResource>
                     <gmd:linkage>
                        <gmd:URL>http://www.housing-stat.admin.ch</gmd:URL>
                     </gmd:linkage>
                     <gmd:protocol>
                        <gco:CharacterString>WWW:LINK-1.0-http--link</gco:CharacterString>
                     </gmd:protocol>
                     <gmd:name xsi:type="gmd:PT_FreeText_PropertyType">
                        <gco:CharacterString>GWR-Webseite im Statistikportal Schweiz</gco:CharacterString>
                        <gmd:PT_FreeText>
                           <gmd:textGroup>
                              <gmd:LocalisedCharacterString locale="#DE">GWR-Webseite im Statistikportal Schweiz</gmd:LocalisedCharacterString>
                           </gmd:textGroup>
                        </gmd:PT_FreeText>
                     </gmd:name>
                     <gmd:description xsi:type="gmd:PT_FreeText_PropertyType">
                        <gco:CharacterString>Beschreibung des Registers, seiner Inhalte, der Rechtsgrundlagen, Nachführung und Weiterentwicklung</gco:CharacterString>
                        <gmd:PT_FreeText>
                           <gmd:textGroup>
                              <gmd:LocalisedCharacterString locale="#DE">Beschreibung des Registers, seiner Inhalte, der Rechtsgrundlagen, Nachführung und Weiterentwicklung</gmd:LocalisedCharacterString>
                           </gmd:textGroup>
                           <gmd:textGroup>
                              <gmd:LocalisedCharacterString locale="#FR">Descritption du registre, de son contenu, des bases légales, de l'actualisation et les développements prévus</gmd:LocalisedCharacterString>
                           </gmd:textGroup>
                        </gmd:PT_FreeText>
                     </gmd:description>
                     <gmd:function>
                        <gmd:CI_OnLineFunctionCode codeList="http://standards.iso.org/ittf/PubliclyAvailableStandards/ISO_19139_Schemas/resources/codelist/ML_gmxCodelists.xml#CI_OnLineFunctionCode"
                                                   codeListValue="information"/>
                     </gmd:function>
                  </gmd:CI_OnlineResource>
               </gmd:onLine>
            </gmd:MD_DigitalTransferOptions>
         </gmd:transferOptions>
         <gmd:transferOptions>
            <gmd:MD_DigitalTransferOptions/>
         </gmd:transferOptions>
         <gmd:transferOptions>
            <gmd:MD_DigitalTransferOptions>
               <gmd:onLine>
                  <gmd:CI_OnlineResource>
                     <gmd:linkage>
                        <gmd:URL>http://map.housing-stat.ch</gmd:URL>
                     </gmd:linkage>
                     <gmd:protocol>
                        <gco:CharacterString>CHTOPO:specialised-geoportal</gco:CharacterString>
                     </gmd:protocol>
                     <gmd:name xsi:type="gmd:PT_FreeText_PropertyType">
                        <gco:CharacterString>Link zum Fachportal</gco:CharacterString>
                        <gmd:PT_FreeText>
                           <gmd:textGroup>
                              <gmd:LocalisedCharacterString locale="#DE">Link zum Fachportal</gmd:LocalisedCharacterString>
                           </gmd:textGroup>
                        </gmd:PT_FreeText>
                     </gmd:name>
                  </gmd:CI_OnlineResource>
               </gmd:onLine>
            </gmd:MD_DigitalTransferOptions>
         </gmd:transferOptions>
         <gmd:transferOptions>
            <gmd:MD_DigitalTransferOptions>
               <gmd:onLine>
                  <gmd:CI_OnlineResource>
                     <gmd:linkage>
                        <gmd:URL>http://wmts.geo.admin.ch</gmd:URL>
                     </gmd:linkage>
                     <gmd:protocol>
                        <gco:CharacterString>OGC:WMTS-http-get-capabilities</gco:CharacterString>
                     </gmd:protocol>
                     <gmd:name xsi:type="gmd:PT_FreeText_PropertyType">
                        <gco:CharacterString>ch.bfs.gebaeude_wohnungs_register</gco:CharacterString>
                        <gmd:PT_FreeText>
                           <gmd:textGroup>
                              <gmd:LocalisedCharacterString locale="#DE">ch.bfs.gebaeude_wohnungs_register</gmd:LocalisedCharacterString>
                           </gmd:textGroup>
                        </gmd:PT_FreeText>
                     </gmd:name>
                     <gmd:description xsi:type="gmd:PT_FreeText_PropertyType">
                        <gco:CharacterString>WMTS für das Nationale Geoportal</gco:CharacterString>
                        <gmd:PT_FreeText>
                           <gmd:textGroup>
                              <gmd:LocalisedCharacterString locale="#DE">WMTS für das Nationale Geoportal</gmd:LocalisedCharacterString>
                           </gmd:textGroup>
                           <gmd:textGroup>
                              <gmd:LocalisedCharacterString locale="#FR">WMTS pour le géoportail national</gmd:LocalisedCharacterString>
                           </gmd:textGroup>
                        </gmd:PT_FreeText>
                     </gmd:description>
                  </gmd:CI_OnlineResource>
               </gmd:onLine>
            </gmd:MD_DigitalTransferOptions>
         </gmd:transferOptions>
         <gmd:transferOptions>
            <gmd:MD_DigitalTransferOptions>
               <gmd:onLine/>
               <gmd:onLine>
                  <gmd:CI_OnlineResource>
                     <gmd:linkage>
                        <gmd:URL>https://data.geo.admin.ch/ch.bfs.gebaeude_wohnungs_register/data.zip</gmd:URL>
                     </gmd:linkage>
                     <gmd:protocol>
                        <gco:CharacterString>WWW:DOWNLOAD-URL</gco:CharacterString>
                     </gmd:protocol>
                     <gmd:description xsi:type="gmd:PT_FreeText_PropertyType">
                        <gco:CharacterString>Download</gco:CharacterString>
                        <gmd:PT_FreeText>
                           <gmd:textGroup>
                              <gmd:LocalisedCharacterString locale="#DE">Download</gmd:LocalisedCharacterString>
                           </gmd:textGroup>
                        </gmd:PT_FreeText>
                     </gmd:description>
                  </gmd:CI_OnlineResource>
               </gmd:onLine>
            </gmd:MD_DigitalTransferOptions>
         </gmd:transferOptions>
      </gmd:MD_Distribution>
  </gmd:distributionInfo>
   <gmd:dataQualityInfo xmlns:che="http://www.geocat.ch/2008/che"
                        xmlns:gco="http://www.isotc211.org/2005/gco"
                        xmlns:srv="http://www.isotc211.org/2005/srv"
                        xmlns:gmx="http://www.isotc211.org/2005/gmx"
                        xmlns:gts="http://www.isotc211.org/2005/gts"
                        xmlns:gsr="http://www.isotc211.org/2005/gsr"
                        xmlns:gmi="http://www.isotc211.org/2005/gmi"
                        xmlns:gml="http://www.opengis.net/gml/3.2"
                        xmlns:xlink="http://www.w3.org/1999/xlink"
                        xmlns:geonet="http://www.fao.org/geonetwork">
      <gmd:DQ_DataQuality>
         <gmd:scope>
            <gmd:DQ_Scope>
               <gmd:level>
                  <gmd:MD_ScopeCode codeList="http://standards.iso.org/ittf/PubliclyAvailableStandards/ISO_19139_Schemas/resources/codelist/ML_gmxCodelists.xml#MD_ScopeCode"
                                    codeListValue="dataset"/>
               </gmd:level>
            </gmd:DQ_Scope>
         </gmd:scope>
         <gmd:lineage>
            <gmd:LI_Lineage>
               <gmd:statement xsi:type="gmd:PT_FreeText_PropertyType">
                  <gco:CharacterString>Das Gebäude- und Wohnungsregister umfasst alle Gebäude mit Wohnnutzung und deren Wohnungen in der Schweiz. Gebäude ohne Wohnnutzung können ebenfalls im Register geführt werden, doch besteht für diese Gebäude weder eine Aufnahme- noch Nachführungspflicht. Jedes Gebäude und jede Wohnung verfügt über eine eindeutige Identifikationsnummer sowie über eine Adresse. Weitere Grunddaten wie Alter, Grösse, Energieversorgung usw. liefern dank der jährlichen Nachführung ein aktuelles Bild des Gebäude- und Wohnungsbestandes der Schweiz. Angaben zu Bewohnern, Eigentumsverhältnissen, Mietpreisen und dergleichen sind dagegen im GWR nicht enthalten.</gco:CharacterString>
                  <gmd:PT_FreeText>
                     <gmd:textGroup>
                        <gmd:LocalisedCharacterString locale="#DE">Das Gebäude- und Wohnungsregister umfasst alle Gebäude mit Wohnnutzung und deren Wohnungen in der Schweiz. Gebäude ohne Wohnnutzung können ebenfalls im Register geführt werden, doch besteht für diese Gebäude weder eine Aufnahme- noch Nachführungspflicht. Jedes Gebäude und jede Wohnung verfügt über eine eindeutige Identifikationsnummer sowie über eine Adresse. Weitere Grunddaten wie Alter, Grösse, Energieversorgung usw. liefern dank der jährlichen Nachführung ein aktuelles Bild des Gebäude- und Wohnungsbestandes der Schweiz. Angaben zu Bewohnern, Eigentumsverhältnissen, Mietpreisen und dergleichen sind dagegen im GWR nicht enthalten.</gmd:LocalisedCharacterString>
                     </gmd:textGroup>
                     <gmd:textGroup>
                        <gmd:LocalisedCharacterString locale="#FR">Le registre fédéral des bâtiments et des logements répertorie tous les bâtiments à usage d'habitation et leurs logements en Suisse. Les bâtiments sans usage d'habitation peuvent également être gérés dans le registre, bien que l'Ordonnance sur le RegBL n'exige ni leur enregistrement, ni leur mise à jour. Chaque bâtiment et chaque logement disposent d'un numéro d'identification ainsi que d'une adresse. Grâce à une mise à jour annuelle, le RegBL présente une image actuelle de l'état des bâtiments et des logements en Suisse et livre des données de base, telles l'âge, la taille, l'approvisionnement en énergie, etc. Il ne contient par contre aucune indication sur les habitants, les conditions de propriété, les loyers, etc.</gmd:LocalisedCharacterString>
                     </gmd:textGroup>
                  </gmd:PT_FreeText>
               </gmd:statement>
               <gmd:source>
                  <gmd:LI_Source>
                     <gmd:description xsi:type="gmd:PT_FreeText_PropertyType">
                        <gco:CharacterString>Die GWR-Grunddaten stammen aus der Gebäude- und Wohnungserhebung der Volkszählung 2000. Die Datennachführung erfolgt seit dem Baujahr 2001 koordiniert mit der Bau- und Wohnbaustatistik des BFS, welche jährlich detaillierte Angaben über die Bautätigkeit in der Schweiz erhebt. Die kommunalen und kantonalen Baubehörden melden dem BFS alle bewilligungspflichtigen Bauvorhaben (Neubauten, Umbauten, Abbrüche) entweder via Internet, über definierte Schnittstellen oder mit Fragebogen. Zusätzlich werden aktuelle Angaben zu Parzellennummern, Gebäudenummern, Gebäudekoordinaten sowie Adressen aus den Datenbeständen der amtlichen Vermessung bzw. der Post übernommen.</gco:CharacterString>
                        <gmd:PT_FreeText>
                           <gmd:textGroup>
                              <gmd:LocalisedCharacterString locale="#DE">Die GWR-Grunddaten stammen aus der Gebäude- und Wohnungserhebung der Volkszählung 2000. Die Datennachführung erfolgt seit dem Baujahr 2001 koordiniert mit der Bau- und Wohnbaustatistik des BFS, welche jährlich detaillierte Angaben über die Bautätigkeit in der Schweiz erhebt. Die kommunalen und kantonalen Baubehörden melden dem BFS alle bewilligungspflichtigen Bauvorhaben (Neubauten, Umbauten, Abbrüche) entweder via Internet, über definierte Schnittstellen oder mit Fragebogen. Zusätzlich werden aktuelle Angaben zu Parzellennummern, Gebäudenummern, Gebäudekoordinaten sowie Adressen aus den Datenbeständen der amtlichen Vermessung bzw. der Post übernommen.</gmd:LocalisedCharacterString>
                           </gmd:textGroup>
                           <gmd:textGroup>
                              <gmd:LocalisedCharacterString locale="#FR">Le recensement des bâtiments et des logements réalisé dans le cadre du recensement de la population de l'an 2000 constitue la source de données initiale du RegBL. La mise à jour de ces données depuis 2001 est coordonnée avec le relevé de la statistique annuelle de la construction et des logements, source de données détaillées sur les activités de construction en Suisse. Les autorités communales et cantonales annoncent à l'OFS tous les projets de construction soumis à autorisation (les nouvelles constructions, transformations/rénovations, démolitions) soit via Internet, au moyen d'interfaces spécifiques, soit par questionnaire. De plus, des données actuelles relatives aux numéros de parcelle, aux numéros de bâtiment, aux coordonnées, ainsi qu'aux adresses, sont reprises des bases de données de la mensuration officielle et de la Poste.</gmd:LocalisedCharacterString>
                           </gmd:textGroup>
                        </gmd:PT_FreeText>
                     </gmd:description>
                  </gmd:LI_Source>
               </gmd:source>
            </gmd:LI_Lineage>
         </gmd:lineage>
      </gmd:DQ_DataQuality>
  </gmd:dataQualityInfo>
   <gmd:metadataMaintenance xmlns:che="http://www.geocat.ch/2008/che"
                            xmlns:gco="http://www.isotc211.org/2005/gco"
                            xmlns:srv="http://www.isotc211.org/2005/srv"
                            xmlns:gmx="http://www.isotc211.org/2005/gmx"
                            xmlns:gts="http://www.isotc211.org/2005/gts"
                            xmlns:gsr="http://www.isotc211.org/2005/gsr"
                            xmlns:gmi="http://www.isotc211.org/2005/gmi"
                            xmlns:gml="http://www.opengis.net/gml/3.2"
                            xmlns:xlink="http://www.w3.org/1999/xlink"
                            xmlns:geonet="http://www.fao.org/geonetwork">
      <gmd:MD_MaintenanceInformation>
         <gmd:maintenanceAndUpdateFrequency>
            <gmd:MD_MaintenanceFrequencyCode codeList="http://standards.iso.org/ittf/PubliclyAvailableStandards/ISO_19139_Schemas/resources/codelist/ML_gmxCodelists.xml#MD_MaintenanceFrequencyCode"
                                             codeListValue="asNeeded"/>
         </gmd:maintenanceAndUpdateFrequency>
         <gmd:maintenanceNote xsi:type="gmd:PT_FreeText_PropertyType">
            <gco:CharacterString>Nachführung erfolgt, wenn Dokumentation fehlerhaft oder verbesserungsbedürftig.</gco:CharacterString>
            <gmd:PT_FreeText>
               <gmd:textGroup>
                  <gmd:LocalisedCharacterString locale="#DE">Nachführung erfolgt, wenn Dokumentation fehlerhaft oder verbesserungsbedürftig.</gmd:LocalisedCharacterString>
               </gmd:textGroup>
               <gmd:textGroup>
                  <gmd:LocalisedCharacterString locale="#FR">Actualisation en cas de fautes ou des améliorations de la documentation</gmd:LocalisedCharacterString>
               </gmd:textGroup>
            </gmd:PT_FreeText>
         </gmd:maintenanceNote>
      </gmd:MD_MaintenanceInformation>
  </gmd:metadataMaintenance>
</gmd:MD_Metadata>